{
  "loss": [
    2.0419906483107173,
    0.9956745536750391,
    0.4206080577255357,
    0.23231811476034772,
    0.1642798406058824
  ],
  "accuracy": [
    60.16494845360825,
    86.63917525773196,
    88.49484536082474,
    93.23711340206185,
    92.20618556701031
  ]
}