{
  "train_loss": [
    0.9499368706518968,
    0.5292273701971374,
    0.4460863730742902,
    0.39707706541992493,
    0.3527055784092059,
    0.3183790529411442,
    0.29281947495105787,
    0.2727369493798571,
    0.25779707858865736,
    0.24375769682480614,
    0.2360082394008667,
    0.22534479265868745,
    0.2215391062244178,
    0.21634618297511654,
    0.21405414292772826,
    0.18995268227524945,
    0.18662287269155614,
    0.1862373618870288,
    0.18550594599668002,
    0.1856294077873376,
    0.18536471015948888,
    0.1852302284207427,
    0.18538938020135456,
    0.18533878617180216,
    0.1853199466276556
  ],
  "train_accuracy": [
    64.53208223800785,
    76.9021638518785,
    77.56332612225684,
    81.28540523957876,
    86.72227482135395,
    86.7910356974733,
    87.77484515579627,
    88.40427163719646,
    88.59521530088172,
    88.4725035834995,
    88.75548103522144,
    88.67296798387822,
    88.79620863107674,
    88.55871914355684,
    88.77928287695505,
    88.96916868100772,
    88.9659951021099,
    89.00037554016957,
    89.01994594337278,
    89.01994594337278,
    89.02893775024992,
    89.0633181883096,
    89.03898741675967,
    89.07019427592152,
    89.07072320573783
  ],
  "val_loss": [],
  "val_accuracy": [
    64.04180594930817,
    76.51588879955993,
    76.8945965387382,
    80.63512884525875,
    85.93492150806077,
    85.76778233825583,
    86.78331147124783,
    87.2064486099945,
    87.47514069309864,
    87.5936190919477,
    87.9363601743325,
    87.67824651969704,
    87.73748571912157,
    87.97021114543223,
    88.17543265772437,
    87.93424448863877,
    87.94482291710743,
    87.80730334701477,
    87.72267591926543,
    87.73113866204037,
    87.6951720052469,
    87.5555367494605,
    87.65497397706596,
    87.52591714974824,
    87.52803283544196
  ]
}