{
  "train_loss": [
    1.1016709521345422,
    0.5972044696275645,
    0.47702304292947817,
    0.3972779478692361,
    0.35122222402786235,
    0.318030095680267,
    0.30193030027332707,
    0.29082876228099497,
    0.2822508267372802,
    0.28094323242411895,
    0.2771375015670178,
    0.2796375075436645,
    0.27685883587302124,
    0.2719233567583435,
    0.2717644636312761,
    0.25738164773533967,
    0.2555071563202871,
    0.2552539158955239,
    0.2551530245157748,
    0.25509283843353325,
    0.25369849821291357,
    0.25361647810871246,
    0.2534256753923307,
    0.25358925406929234,
    0.2531775341763935
  ],
  "train_accuracy": [
    69.62677417833734,
    77.48267081623992,
    82.10732305370868,
    83.17183005611355,
    83.48658461828641,
    83.2720328193521,
    83.38166643089546,
    83.37223558259065,
    83.33451218937144,
    83.0763427170274,
    83.33922761352383,
    82.97731880982694,
    83.34158532560004,
    83.2602442589711,
    83.2791059555807,
    83.4653652096006,
    83.48069033809591,
    83.6362993351252,
    83.71292497760173,
    83.80016032442119,
    83.87678596689773,
    83.90625736785024,
    83.90979393596454,
    83.92747677653605,
    83.89800537558354
  ],
  "val_loss": [],
  "val_accuracy": [
    69.14371935118822,
    76.70218785364014,
    80.710109392682,
    81.46925688419465,
    81.47397208600528,
    81.06374952847982,
    81.04017351942663,
    82.05865711052434,
    82.07280271595624,
    82.08694832138815,
    82.11052433044134,
    82.57261410788382,
    82.37457563183705,
    82.27084119200302,
    82.53489249339871,
    82.02565069784987,
    81.97378347793286,
    81.3513768389287,
    81.04488872123727,
    80.6959637872501,
    80.38947566955866,
    80.27159562429271,
    80.25745001886081,
    80.18672199170125,
    80.30460203696718
  ]
}